{ "height":18,
 "layers":[
        {
         "data":[1, 1, 1, 1, 1, 1, 1, 1, 1, 1, 1, 1, 1, 1, 1, 1, 1, 1, 1, 1, 1, 1, 1, 1, 1, 1, 1, 1, 1, 1, 1, 1, 1, 1, 1, 1, 1, 1, 1, 1, 1, 1, 1, 1, 1, 1, 1, 1, 1, 1, 1, 1, 1, 1, 1, 1, 1, 1, 1, 1, 1, 1, 1, 1, 1, 1, 1, 1, 1, 1, 1, 1, 1, 1, 1, 1, 1, 1, 1, 1, 1, 1, 1, 1, 1, 1, 1, 1, 1, 1, 1, 1, 1, 1, 1, 1, 1, 1, 1, 1, 1, 1, 1, 1, 1, 1, 1, 1, 1, 1, 1, 1, 1, 1, 1, 1, 1, 1, 1, 1, 1, 1, 1, 1, 1, 1, 1, 1, 1, 1, 1, 1, 1, 1, 1, 1, 1, 1, 1, 1, 1, 1, 1, 1, 1, 1, 1, 1, 1, 1, 1, 1, 1, 1, 1, 1, 1, 1, 1, 1, 1, 1, 1, 1, 1, 1, 1, 1, 1, 1, 1, 1, 1, 1, 1, 1, 1, 1, 1, 1, 1, 1, 1, 1, 1, 1, 1, 1, 1, 1, 1, 1, 1, 1, 1, 1, 1, 1, 1, 1, 1, 1, 1, 1, 1, 1, 1, 1, 1, 1, 1, 1, 1, 1, 1, 1, 1, 1, 1, 1, 1, 1, 1, 1, 1, 1, 1, 1, 1, 1, 1, 1, 1, 1, 1, 1, 1, 1, 1, 1, 1, 1, 1, 1, 1, 1, 1, 1, 1, 1, 1, 1, 1, 1, 1, 1, 1, 1, 1, 1, 1, 1, 1, 1, 1, 1, 1, 1, 1, 1, 1, 1, 1, 1, 1, 1, 1, 1, 1, 1, 1, 1, 1, 1, 1, 1, 1, 1, 1, 1, 1, 1, 1, 1, 1, 1, 1, 1, 1, 1, 1, 1, 1, 1, 1, 1, 1, 1, 1, 1, 1, 1, 1, 1, 1, 1, 1, 1, 1, 1, 1, 1, 1, 1, 1, 1, 1, 1, 1, 1, 1, 1, 1, 1, 1, 1, 1, 1, 1, 1, 1, 1, 1, 1, 1, 1, 1, 1, 1, 1, 1, 1, 1, 1, 1, 1, 1, 1, 1, 1, 1, 1, 1, 1, 1, 1, 1, 1, 1, 1, 1, 1, 1, 1, 1, 1, 1, 1, 1, 1, 1, 1, 1, 1, 1, 1, 1, 1, 1, 1, 1, 1, 1, 1, 1, 1, 1, 1, 1, 1, 1, 1, 1, 1, 1, 1, 1, 1, 1, 1, 1, 1, 1, 1, 1, 1, 1, 1, 1, 1, 1, 1, 1, 1, 1, 1, 1, 1, 1, 1, 1, 1, 1, 1, 1, 1, 1, 1, 1, 1, 1, 1, 1, 1, 1, 1, 1, 1, 1, 1, 1, 1, 1, 1, 1, 1, 1, 1, 1, 1, 1, 1, 1, 1, 1, 1, 1, 1, 1, 1, 1, 1, 1, 1, 1, 1, 1, 1, 1, 1, 1, 1, 1, 1, 1, 1, 1, 1, 1, 1, 1, 1, 1, 1, 1, 1, 1, 1, 1, 1, 1, 1, 1, 1, 1, 1, 1, 1, 1, 1, 1, 1, 1, 1, 1, 1, 1, 1, 1, 1, 1, 1, 1, 1, 1, 1, 1, 1, 1, 1, 1, 1, 1, 1, 1, 1, 1, 1, 1, 1, 1, 1, 1, 1, 1, 1, 1, 1, 1, 1, 1, 1, 1, 1, 1, 1, 1, 1, 1, 1, 1, 1, 1, 1, 1, 1, 1, 1, 1, 1, 1, 1, 1, 1, 1, 1],
         "height":18,
         "name":"LayerBackground",
         "opacity":1,
         "type":"tilelayer",
         "visible":true,
         "width":32,
         "x":0,
         "y":0
        }, 
        {
         "data":[0, 0, 0, 0, 0, 0, 0, 0, 0, 0, 0, 0, 0, 0, 0, 0, 0, 0, 0, 0, 0, 0, 0, 0, 0, 0, 0, 0, 0, 0, 0, 0, 0, 0, 0, 0, 0, 0, 0, 0, 0, 0, 0, 0, 0, 0, 0, 0, 0, 0, 0, 0, 0, 0, 0, 0, 0, 0, 0, 0, 0, 0, 0, 0, 0, 0, 0, 0, 0, 0, 0, 0, 0, 0, 0, 0, 0, 0, 0, 0, 0, 0, 0, 0, 0, 0, 0, 0, 0, 0, 0, 0, 0, 0, 0, 0, 0, 0, 0, 0, 0, 0, 0, 0, 0, 0, 0, 0, 0, 0, 0, 0, 0, 0, 0, 0, 0, 0, 0, 0, 0, 0, 0, 0, 0, 0, 0, 0, 0, 0, 0, 0, 0, 0, 0, 0, 0, 0, 0, 0, 0, 0, 0, 0, 0, 0, 0, 0, 0, 0, 0, 0, 0, 0, 0, 0, 0, 0, 0, 0, 0, 0, 0, 0, 0, 0, 0, 0, 0, 0, 0, 0, 0, 0, 0, 0, 0, 0, 0, 0, 0, 0, 0, 0, 0, 0, 0, 0, 0, 0, 0, 0, 0, 0, 0, 0, 0, 0, 0, 0, 0, 0, 0, 0, 0, 0, 0, 0, 0, 0, 0, 0, 0, 0, 0, 0, 0, 0, 0, 0, 0, 0, 0, 0, 0, 0, 0, 0, 0, 0, 0, 0, 0, 0, 0, 0, 0, 0, 0, 0, 0, 0, 0, 0, 0, 0, 0, 0, 0, 0, 0, 0, 0, 0, 0, 0, 0, 0, 0, 0, 0, 0, 0, 0, 0, 0, 0, 0, 0, 0, 0, 0, 0, 0, 0, 0, 0, 0, 0, 0, 0, 0, 0, 0, 0, 0, 0, 0, 2, 0, 0, 0, 0, 0, 0, 0, 0, 0, 0, 0, 0, 0, 0, 0, 0, 0, 0, 0, 0, 0, 0, 0, 0, 0, 0, 0, 0, 0, 0, 2, 2, 0, 0, 0, 0, 0, 0, 0, 0, 0, 0, 0, 0, 0, 0, 0, 0, 0, 0, 0, 0, 0, 0, 0, 0, 0, 0, 0, 0, 0, 0, 2, 2, 0, 0, 0, 0, 0, 0, 0, 0, 0, 0, 0, 0, 0, 0, 0, 0, 0, 0, 0, 0, 0, 0, 0, 0, 0, 0, 0, 0, 0, 0, 2, 2, 0, 0, 0, 0, 0, 0, 0, 0, 0, 0, 0, 0, 0, 0, 0, 0, 0, 0, 0, 0, 0, 0, 0, 0, 0, 0, 0, 0, 0, 0, 2, 2, 0, 0, 0, 0, 0, 0, 0, 0, 0, 0, 0, 0, 0, 0, 0, 0, 0, 0, 0, 0, 0, 0, 0, 0, 0, 0, 0, 0, 0, 0, 2, 2, 0, 0, 0, 0, 0, 0, 0, 0, 0, 0, 0, 0, 0, 0, 0, 0, 0, 0, 0, 0, 0, 0, 0, 0, 0, 0, 0, 0, 0, 0, 2, 2, 0, 0, 0, 0, 0, 0, 0, 0, 0, 0, 0, 0, 0, 0, 0, 0, 0, 0, 0, 0, 0, 0, 0, 0, 0, 0, 0, 0, 0, 0, 2, 2, 0, 0, 0, 0, 0, 0, 0, 0, 0, 0, 0, 0, 0, 0, 0, 0, 0, 0, 0, 0, 0, 0, 0, 0, 0, 0, 0, 0, 0, 0, 2, 2, 2, 2, 2, 2, 2, 2, 2, 2, 2, 2, 2, 2, 2, 2, 2, 2, 2, 2, 2, 2, 2, 2, 2, 2, 2, 2, 2, 2, 2, 2, 2],
         "height":18,
         "name":"LayerBlock",
         "opacity":1,
         "type":"tilelayer",
         "visible":true,
         "width":32,
         "x":0,
         "y":0
        }, 
        {
         "draworder":"topdown",
         "height":0,
         "name":"LayerObject",
         "objects":[
                {
                 "gid":3,
                 "height":32,
                 "id":10,
                 "name":"",
                 "properties":
                    {
                     "type":"playerPortal"
                    },
                 "rotation":0,
                 "type":"",
                 "visible":true,
                 "width":32,
                 "x":512,
                 "y":320
                }, 
                {
                 "gid":4,
                 "height":32,
                 "id":11,
                 "name":"",
                 "properties":
                    {
                     "type":"coin"
                    },
                 "rotation":0,
                 "type":"",
                 "visible":true,
                 "width":32,
                 "x":96,
                 "y":544
                }, 
                {
                 "gid":4,
                 "height":32,
                 "id":20,
                 "name":"",
                 "properties":
                    {
                     "type":"coin"
                    },
                 "rotation":0,
                 "type":"",
                 "visible":true,
                 "width":32,
                 "x":160,
                 "y":544
                }, 
                {
                 "gid":4,
                 "height":32,
                 "id":21,
                 "name":"",
                 "properties":
                    {
                     "type":"coin"
                    },
                 "rotation":0,
                 "type":"",
                 "visible":true,
                 "width":32,
                 "x":288,
                 "y":544
                }, 
                {
                 "gid":4,
                 "height":32,
                 "id":22,
                 "name":"",
                 "properties":
                    {
                     "type":"coin"
                    },
                 "rotation":0,
                 "type":"",
                 "visible":true,
                 "width":32,
                 "x":224,
                 "y":544
                }, 
                {
                 "gid":4,
                 "height":32,
                 "id":23,
                 "name":"",
                 "properties":
                    {
                     "type":"coin"
                    },
                 "rotation":0,
                 "type":"",
                 "visible":true,
                 "width":32,
                 "x":544,
                 "y":544
                }, 
                {
                 "gid":4,
                 "height":32,
                 "id":24,
                 "name":"",
                 "properties":
                    {
                     "type":"coin"
                    },
                 "rotation":0,
                 "type":"",
                 "visible":true,
                 "width":32,
                 "x":416,
                 "y":544
                }, 
                {
                 "gid":4,
                 "height":32,
                 "id":25,
                 "name":"",
                 "properties":
                    {
                     "type":"coin"
                    },
                 "rotation":0,
                 "type":"",
                 "visible":true,
                 "width":32,
                 "x":480,
                 "y":544
                }, 
                {
                 "gid":4,
                 "height":32,
                 "id":26,
                 "name":"",
                 "properties":
                    {
                     "type":"coin"
                    },
                 "rotation":0,
                 "type":"",
                 "visible":true,
                 "width":32,
                 "x":352,
                 "y":544
                }, 
                {
                 "gid":4,
                 "height":32,
                 "id":27,
                 "name":"",
                 "properties":
                    {
                     "type":"coin"
                    },
                 "rotation":0,
                 "type":"",
                 "visible":true,
                 "width":32,
                 "x":800,
                 "y":544
                }, 
                {
                 "gid":4,
                 "height":32,
                 "id":28,
                 "name":"",
                 "properties":
                    {
                     "type":"coin"
                    },
                 "rotation":0,
                 "type":"",
                 "visible":true,
                 "width":32,
                 "x":672,
                 "y":544
                }, 
                {
                 "gid":4,
                 "height":32,
                 "id":29,
                 "name":"",
                 "properties":
                    {
                     "type":"coin"
                    },
                 "rotation":0,
                 "type":"",
                 "visible":true,
                 "width":32,
                 "x":736,
                 "y":544
                }, 
                {
                 "gid":4,
                 "height":32,
                 "id":30,
                 "name":"",
                 "properties":
                    {
                     "type":"coin"
                    },
                 "rotation":0,
                 "type":"",
                 "visible":true,
                 "width":32,
                 "x":608,
                 "y":544
                }, 
                {
                 "gid":4,
                 "height":32,
                 "id":32,
                 "name":"",
                 "properties":
                    {
                     "type":"coin"
                    },
                 "rotation":0,
                 "type":"",
                 "visible":true,
                 "width":32,
                 "x":928,
                 "y":544
                }, 
                {
                 "gid":4,
                 "height":32,
                 "id":34,
                 "name":"",
                 "properties":
                    {
                     "type":"coin"
                    },
                 "rotation":0,
                 "type":"",
                 "visible":true,
                 "width":32,
                 "x":864,
                 "y":544
                }, 
                {
                 "gid":4,
                 "height":32,
                 "id":35,
                 "name":"",
                 "properties":
                    {
                     "type":"coin"
                    },
                 "rotation":0,
                 "type":"",
                 "visible":true,
                 "width":32,
                 "x":128,
                 "y":512
                }, 
                {
                 "gid":4,
                 "height":32,
                 "id":36,
                 "name":"",
                 "properties":
                    {
                     "type":"coin"
                    },
                 "rotation":0,
                 "type":"",
                 "visible":true,
                 "width":32,
                 "x":320,
                 "y":512
                }, 
                {
                 "gid":4,
                 "height":32,
                 "id":37,
                 "name":"",
                 "properties":
                    {
                     "type":"coin"
                    },
                 "rotation":0,
                 "type":"",
                 "visible":true,
                 "width":32,
                 "x":896,
                 "y":512
                }, 
                {
                 "gid":4,
                 "height":32,
                 "id":38,
                 "name":"",
                 "properties":
                    {
                     "type":"coin"
                    },
                 "rotation":0,
                 "type":"",
                 "visible":true,
                 "width":32,
                 "x":192,
                 "y":512
                }, 
                {
                 "gid":4,
                 "height":32,
                 "id":39,
                 "name":"",
                 "properties":
                    {
                     "type":"coin"
                    },
                 "rotation":0,
                 "type":"",
                 "visible":true,
                 "width":32,
                 "x":256,
                 "y":512
                }, 
                {
                 "gid":4,
                 "height":32,
                 "id":40,
                 "name":"",
                 "properties":
                    {
                     "type":"coin"
                    },
                 "rotation":0,
                 "type":"",
                 "visible":true,
                 "width":32,
                 "x":384,
                 "y":512
                }, 
                {
                 "gid":4,
                 "height":32,
                 "id":41,
                 "name":"",
                 "properties":
                    {
                     "type":"coin"
                    },
                 "rotation":0,
                 "type":"",
                 "visible":true,
                 "width":32,
                 "x":576,
                 "y":512
                }, 
                {
                 "gid":4,
                 "height":32,
                 "id":42,
                 "name":"",
                 "properties":
                    {
                     "type":"coin"
                    },
                 "rotation":0,
                 "type":"",
                 "visible":true,
                 "width":32,
                 "x":448,
                 "y":512
                }, 
                {
                 "gid":4,
                 "height":32,
                 "id":43,
                 "name":"",
                 "properties":
                    {
                     "type":"coin"
                    },
                 "rotation":0,
                 "type":"",
                 "visible":true,
                 "width":32,
                 "x":768,
                 "y":512
                }, 
                {
                 "gid":4,
                 "height":32,
                 "id":44,
                 "name":"",
                 "properties":
                    {
                     "type":"coin"
                    },
                 "rotation":0,
                 "type":"",
                 "visible":true,
                 "width":32,
                 "x":640,
                 "y":512
                }, 
                {
                 "gid":4,
                 "height":32,
                 "id":48,
                 "name":"",
                 "properties":
                    {
                     "type":"coin"
                    },
                 "rotation":0,
                 "type":"",
                 "visible":true,
                 "width":32,
                 "x":832,
                 "y":512
                }, 
                {
                 "gid":4,
                 "height":32,
                 "id":49,
                 "name":"",
                 "properties":
                    {
                     "type":"coin"
                    },
                 "rotation":0,
                 "type":"",
                 "visible":true,
                 "width":32,
                 "x":512,
                 "y":512
                }, 
                {
                 "gid":4,
                 "height":32,
                 "id":50,
                 "name":"",
                 "properties":
                    {
                     "type":"coin"
                    },
                 "rotation":0,
                 "type":"",
                 "visible":true,
                 "width":32,
                 "x":704,
                 "y":512
                }, 
                {
                 "gid":4,
                 "height":32,
                 "id":51,
                 "name":"",
                 "properties":
                    {
                     "type":"coin"
                    },
                 "rotation":0,
                 "type":"",
                 "visible":true,
                 "width":32,
                 "x":672,
                 "y":480
                }, 
                {
                 "gid":4,
                 "height":32,
                 "id":52,
                 "name":"",
                 "properties":
                    {
                     "type":"coin"
                    },
                 "rotation":0,
                 "type":"",
                 "visible":true,
                 "width":32,
                 "x":544,
                 "y":480
                }, 
                {
                 "gid":4,
                 "height":32,
                 "id":53,
                 "name":"",
                 "properties":
                    {
                     "type":"coin"
                    },
                 "rotation":0,
                 "type":"",
                 "visible":true,
                 "width":32,
                 "x":160,
                 "y":480
                }, 
                {
                 "gid":4,
                 "height":32,
                 "id":54,
                 "name":"",
                 "properties":
                    {
                     "type":"coin"
                    },
                 "rotation":0,
                 "type":"",
                 "visible":true,
                 "width":32,
                 "x":864,
                 "y":480
                }, 
                {
                 "gid":4,
                 "height":32,
                 "id":56,
                 "name":"",
                 "properties":
                    {
                     "type":"coin"
                    },
                 "rotation":0,
                 "type":"",
                 "visible":true,
                 "width":32,
                 "x":416,
                 "y":480
                }, 
                {
                 "gid":4,
                 "height":32,
                 "id":57,
                 "name":"",
                 "properties":
                    {
                     "type":"coin"
                    },
                 "rotation":0,
                 "type":"",
                 "visible":true,
                 "width":32,
                 "x":288,
                 "y":480
                }, 
                {
                 "gid":4,
                 "height":32,
                 "id":58,
                 "name":"",
                 "properties":
                    {
                     "type":"coin"
                    },
                 "rotation":0,
                 "type":"",
                 "visible":true,
                 "width":32,
                 "x":800,
                 "y":480
                }, 
                {
                 "gid":4,
                 "height":32,
                 "id":59,
                 "name":"",
                 "properties":
                    {
                     "type":"coin"
                    },
                 "rotation":0,
                 "type":"",
                 "visible":true,
                 "width":32,
                 "x":224,
                 "y":480
                }, 
                {
                 "gid":4,
                 "height":32,
                 "id":60,
                 "name":"",
                 "properties":
                    {
                     "type":"coin"
                    },
                 "rotation":0,
                 "type":"",
                 "visible":true,
                 "width":32,
                 "x":736,
                 "y":480
                }, 
                {
                 "gid":4,
                 "height":32,
                 "id":61,
                 "name":"",
                 "properties":
                    {
                     "type":"coin"
                    },
                 "rotation":0,
                 "type":"",
                 "visible":true,
                 "width":32,
                 "x":480,
                 "y":480
                }, 
                {
                 "gid":4,
                 "height":32,
                 "id":62,
                 "name":"",
                 "properties":
                    {
                     "type":"coin"
                    },
                 "rotation":0,
                 "type":"",
                 "visible":true,
                 "width":32,
                 "x":352,
                 "y":480
                }, 
                {
                 "gid":4,
                 "height":32,
                 "id":65,
                 "name":"",
                 "properties":
                    {
                     "type":"coin"
                    },
                 "rotation":0,
                 "type":"",
                 "visible":true,
                 "width":32,
                 "x":608,
                 "y":480
                }],
         "opacity":1,
         "type":"objectgroup",
         "visible":true,
         "width":0,
         "x":0,
         "y":0
        }],
 "nextobjectid":66,
 "orientation":"orthogonal",
 "properties":
    {

    },
 "renderorder":"right-down",
 "tileheight":32,
 "tilesets":[
        {
         "firstgid":1,
         "image":"..\/..\/PhaserSimplePlatformer2\/assets\/Tileset1.png",
         "imageheight":32,
         "imagewidth":224,
         "margin":0,
         "name":"Tilemap1",
         "properties":
            {

            },
         "spacing":0,
         "tilecount":7,
         "tileheight":32,
         "tilewidth":32
        }],
 "tilewidth":32,
 "version":1,
 "width":32
}